feature,class,count,mean,std,min,p01,p05,p25,p50,p75,p95,p99,max
part_pt_log,QCD,250000,0.13769088685512543,0.9098305702209473,-2.9953408241271973,-1.3110881865024566,-1.128090077638626,-0.5585268437862396,0.006206875899806619,0.7149853110313416,1.854449892044067,2.517420840263368,3.4471724033355713
part_e_log,QCD,250000,0.1668672114610672,0.9133186936378479,-2.1973021030426025,-1.3871706306934357,-1.1220281898975373,-0.5254094451665878,0.0280411122366786,0.7387885451316833,1.8903910398483266,2.588844151496889,3.680727958679199
part_logptrel,QCD,250000,0.10668997466564178,0.9137064218521118,-2.6553664207458496,-1.4301115095615387,-1.16044984459877,-0.5878304690122604,-0.022465634159743786,0.6868045330047607,1.8276804029941558,2.4912865734100342,3.280832290649414
part_logerel,QCD,250000,0.11396386474370956,0.9039877653121948,-2.147493600845337,-1.4009756398200988,-1.1422672033309937,-0.5739621520042419,-0.01977331656962633,0.6885541826486588,1.8229234039783477,2.477667863368989,3.256312370300293
part_deltaR,QCD,250000,0.045587100088596344,0.8352459073066711,-0.7995928525924683,-0.779483151435852,-0.7447776019573211,-0.5838862955570221,-0.2591892182826996,0.43611565232276917,1.8268237352371215,2.329189853668214,5.0
charge,QCD,250000,0.004604000132530928,0.6994045972824097,-1.0,-1.0,-1.0,0.0,0.0,0.0,1.0,1.0,1.0
isChargedHadron,QCD,250000,0.4864479899406433,0.49981626868247986,0.0,0.0,0.0,0.0,0.0,1.0,1.0,1.0,1.0
isNeutralHadron,QCD,250000,0.10781200230121613,0.31014284491539,0.0,0.0,0.0,0.0,0.0,0.0,1.0,1.0,1.0
isPhoton,QCD,250000,0.4023439884185791,0.49037060141563416,0.0,0.0,0.0,0.0,0.0,1.0,1.0,1.0,1.0
isElectron,QCD,250000,0.004207999911159277,0.06473246961832047,0.0,0.0,0.0,0.0,0.0,0.0,0.0,0.0,1.0
isMuon,QCD,250000,0.0008759999764151871,0.029584331437945366,0.0,0.0,0.0,0.0,0.0,0.0,0.0,0.0,1.0
d0_tanh,QCD,250000,-0.00015819248801562935,0.17181989550590515,-1.0,-0.9998602843284607,-0.04741187337785959,0.0,0.0,0.0,0.047204071842133974,0.9997505754232408,1.0
d0err_clip,QCD,250000,0.01586851105093956,0.02944771759212017,0.0,0.0,0.0,0.0,0.0,0.023600000888109207,0.05530000105500221,0.12300000339746475,0.6970000267028809
dz_tanh,QCD,250000,-0.00030816596699878573,0.18694880604743958,-1.0,-0.997026224732399,-0.10468459576368332,0.0,0.0,0.0,0.10301626138389107,0.9960625463724139,1.0
dzerr_clip,QCD,250000,0.040090397000312805,0.09094373881816864,0.0,0.0,0.0,0.0,0.0,0.04500000178813934,0.13989999890327454,0.436599999666214,1.0
d_eta,QCD,250000,-0.0007539576618000865,0.22400864958763123,-2.906482458114624,-0.6381681668758392,-0.36532590091228484,-0.0701178964227438,0.00010052323341369629,0.06990927457809448,0.35774447619914973,0.6306164485216144,2.992091417312622
d_phi,QCD,250000,-5.668095400324091e-05,0.2035372108221054,-0.9662138819694519,-0.6076245099306107,-0.36112114489078523,-0.07157367467880249,0.00016710162162780762,0.07157391123473644,0.35855869054794265,0.6031536382436757,0.9518763422966003
part_pt_log,Hbb,250000,0.1576467752456665,0.8388028144836426,-2.6409075260162354,-1.281547737121582,-1.0890653789043425,-0.48783109337091446,0.08008302375674248,0.7288509458303452,1.6625333428382862,2.2059373569488536,3.318298101425171
part_e_log,Hbb,250000,0.18416596949100494,0.8472887277603149,-2.067356586456299,-1.3702047204971313,-1.0810286462306977,-0.46184735000133514,0.10181057453155518,0.7564805001020432,1.7054181277751916,2.289149141311648,3.595668077468872
part_logptrel,Hbb,250000,0.14528712630271912,0.8367451429367065,-2.5050106048583984,-1.3528394711017608,-1.0955353915691375,-0.4953361749649048,0.07036492601037025,0.7187288403511047,1.644115513563156,2.178344695568087,3.029444694519043
part_logerel,Hbb,250000,0.14351961016654968,0.8292567133903503,-2.1205391883850098,-1.3432677400112152,-1.0886076927185058,-0.4919555187225342,0.0671328753232956,0.7091604918241501,1.6311787843704222,2.1608473944664004,3.0877041816711426
part_deltaR,Hbb,250000,0.11410615593194962,0.6692689061164856,-0.7974470257759094,-0.7146096980571747,-0.6126758426427841,-0.3584543243050575,-0.06473031640052795,0.3949602544307709,1.5102042436599725,2.2118903088569652,5.0
charge,Hbb,250000,-0.0006399999838322401,0.6952406764030457,-1.0,-1.0,-1.0,0.0,0.0,0.0,1.0,1.0,1.0
isChargedHadron,Hbb,250000,0.4650079905986786,0.49877408146858215,0.0,0.0,0.0,0.0,0.0,1.0,1.0,1.0,1.0
isNeutralHadron,Hbb,250000,0.10010000318288803,0.3001333177089691,0.0,0.0,0.0,0.0,0.0,0.0,1.0,1.0,1.0
isPhoton,Hbb,250000,0.41503599286079407,0.49272823333740234,0.0,0.0,0.0,0.0,0.0,1.0,1.0,1.0,1.0
isElectron,Hbb,250000,0.011888000182807446,0.10838207602500916,0.0,0.0,0.0,0.0,0.0,0.0,0.0,1.0,1.0
isMuon,Hbb,250000,0.0088919997215271,0.09387722611427307,0.0,0.0,0.0,0.0,0.0,0.0,0.0,0.0,1.0
d0_tanh,Hbb,250000,-0.00011471079778857529,0.23759016394615173,-1.0,-0.999996126294136,-0.2785591498017311,0.0,0.0,0.0,0.2759918630123135,0.9999944579601288,1.0
d0err_clip,Hbb,250000,0.014046638272702694,0.025229712948203087,0.0,0.0,0.0,0.0,0.0,0.021400000900030136,0.04879999905824661,0.10090000182390213,0.6970000267028809
dz_tanh,Hbb,250000,-0.000677611562423408,0.26588454842567444,-1.0,-0.9997654873132705,-0.4076308339834213,0.0,0.0,0.0,0.3983570933341978,0.9996507501602173,1.0
dzerr_clip,Hbb,250000,0.03502211719751358,0.0759493038058281,0.0,0.0,0.0,0.0,0.0,0.04430000111460686,0.11169999837875366,0.3711000084877014,1.0
d_eta,Hbb,250000,-3.4225242416141555e-05,0.20716477930545807,-2.869943618774414,-0.5547801560163498,-0.31517894119024276,-0.10366883873939514,-0.00042948126792907715,0.10315907374024391,0.31703630685806256,0.559366984963418,2.871786117553711
d_phi,Hbb,250000,0.000387968379072845,0.1997493952512741,-0.9314559698104858,-0.554738951921463,-0.3294397950172424,-0.10730843618512154,3.793835639953613e-05,0.10718635655939579,0.3324349179863928,0.5562096464633942,0.8554324507713318
part_pt_log,Hcc,250000,0.1883765161037445,0.8633763194084167,-2.472827434539795,-1.2813564574718475,-1.0840626060962677,-0.4766206815838814,0.09943560138344765,0.7730089724063873,1.7551137864589692,2.3001012134552012,3.20595645904541
part_e_log,Hcc,250000,0.2140810191631317,0.8691789507865906,-2.0716171264648438,-1.3676043891906737,-1.0708979368209839,-0.4502224326133728,0.12159640714526176,0.797682374715805,1.7937933921813964,2.3600423550605782,3.6298935413360596
part_logptrel,Hcc,250000,0.17493796348571777,0.8590142130851746,-2.5931334495544434,-1.361773372888565,-1.0936539053916932,-0.4810447171330452,0.09046568721532822,0.7573225051164627,1.729889053106308,2.2565906214714055,3.1611781120300293
part_logerel,Hcc,250000,0.17191700637340546,0.8521521687507629,-2.0114922523498535,-1.3458426594734192,-1.0851522088050842,-0.4805983603000641,0.08602850139141083,0.7457702904939651,1.7234554827213286,2.246153526306153,3.0810484886169434
part_deltaR,Hcc,250000,0.13535115122795105,0.6873359084129333,-0.7988965511322021,-0.7118288558721543,-0.6085348457098008,-0.3496944010257721,-0.05082988739013672,0.4235438406467438,1.5680482625961294,2.2362856507301347,5.0
charge,Hcc,250000,-0.0008399999933317304,0.6981684565544128,-1.0,-1.0,-1.0,0.0,0.0,0.0,1.0,1.0,1.0
isChargedHadron,Hcc,250000,0.47663599252700806,0.4994538426399231,0.0,0.0,0.0,0.0,0.0,1.0,1.0,1.0,1.0
isNeutralHadron,Hcc,250000,0.10697200149297714,0.309077650308609,0.0,0.0,0.0,0.0,0.0,0.0,1.0,1.0,1.0
isPhoton,Hcc,250000,0.4071800112724304,0.4913089871406555,0.0,0.0,0.0,0.0,0.0,1.0,1.0,1.0,1.0
isElectron,Hcc,250000,0.007652000058442354,0.08714038133621216,0.0,0.0,0.0,0.0,0.0,0.0,0.0,0.0,1.0
isMuon,Hcc,250000,0.004399999976158142,0.06618640571832657,0.0,0.0,0.0,0.0,0.0,0.0,0.0,0.0,1.0
d0_tanh,Hcc,250000,-0.00030282579245977104,0.1822313666343689,-1.0,-0.999993622303009,-0.06481401659548283,0.0,0.0,0.0,0.06380485929548735,0.9999656707048417,1.0
d0err_clip,Hcc,250000,0.014168433845043182,0.025455139577388763,0.0,0.0,0.0,0.0,0.0,0.021400000900030136,0.04879999905824661,0.10090000182390213,0.6970000267028809
dz_tanh,Hcc,250000,0.00014454239862971008,0.19644972681999207,-1.0,-0.9985389161109924,-0.1282249979674816,0.0,0.0,0.0,0.1295933149755,0.9984851515293122,1.0
dzerr_clip,Hcc,250000,0.03580798953771591,0.07821878790855408,0.0,0.0,0.0,0.0,0.0,0.04430000111460686,0.11990000307559967,0.3711000084877014,1.0
d_eta,Hcc,250000,0.0009715110063552856,0.21212495863437653,-3.0040202140808105,-0.5662314563989639,-0.3219760417938232,-0.10489130020141602,0.0005507767200469971,0.10624386370182037,0.32383910119533527,0.572534707784653,3.0439271926879883
d_phi,Hcc,250000,0.0012065079063177109,0.20353299379348755,-0.8175413012504578,-0.564640879034996,-0.33610641211271286,-0.10866248607635498,0.0009615421295166016,0.1103013101965189,0.3391620039939879,0.5650757986307148,0.8628333806991577
part_pt_log,Hgg,250000,0.030148928984999657,0.7639118432998657,-2.6530277729034424,-1.28385316491127,-1.103928154706955,-0.545004740357399,-0.040447019040584564,0.534950464963913,1.4025574207305902,1.9717199003696446,3.206228256225586
part_e_log,Hgg,250000,0.05984250828623772,0.7759448885917664,-1.8791627883911133,-1.3780093586444855,-1.1069971919059753,-0.5218312442302704,-0.012419468257576227,0.5678377002477646,1.4560628950595844,2.031410689353945,3.470947504043579
part_logptrel,Hgg,250000,0.01780642196536064,0.7642912864685059,-2.672480344772339,-1.3603771924972534,-1.114971101284027,-0.5585104525089264,-0.048734258860349655,0.5278553068637848,1.3875738978385914,1.9343595969676972,3.0178089141845703
part_logerel,Hgg,250000,0.011003876104950905,0.7545440196990967,-2.1576240062713623,-1.3493846487998962,-1.1113969922065734,-0.5560398548841476,-0.057287026196718216,0.5123201310634613,1.3675964713096616,1.9067684781551386,2.9502553939819336
part_deltaR,Hgg,250000,0.08632489293813705,0.6460810899734497,-0.7985986471176147,-0.7188069534301758,-0.6163615167140961,-0.36299774795770645,-0.07871139049530029,0.34957003593444824,1.4095106124877923,2.1814486098289514,5.0
charge,Hgg,250000,-0.0017679999582469463,0.6971576809883118,-1.0,-1.0,-1.0,0.0,0.0,0.0,1.0,1.0,1.0
isChargedHadron,Hgg,250000,0.4796839952468872,0.49958711862564087,0.0,0.0,0.0,0.0,0.0,1.0,1.0,1.0,1.0
isNeutralHadron,Hgg,250000,0.10472399741411209,0.30619746446609497,0.0,0.0,0.0,0.0,0.0,0.0,1.0,1.0,1.0
isPhoton,Hgg,250000,0.4097920060157776,0.49179521203041077,0.0,0.0,0.0,0.0,0.0,1.0,1.0,1.0,1.0
isElectron,Hgg,250000,0.0040799998678267,0.0637444332242012,0.0,0.0,0.0,0.0,0.0,0.0,0.0,0.0,1.0
isMuon,Hgg,250000,0.0008919999818317592,0.02985304407775402,0.0,0.0,0.0,0.0,0.0,0.0,0.0,0.0,1.0
d0_tanh,Hgg,250000,-9.89219406619668e-05,0.17990301549434662,-1.0,-0.9999987483024597,-0.04755188152194023,0.0,0.0,0.0,0.04766192268580196,0.9999992847442627,1.0
d0err_clip,Hgg,250000,0.015387513674795628,0.02592238411307335,0.0,0.0,0.0,0.0,0.0,0.02370000071823597,0.052400000393390656,0.10090000182390213,0.6970000267028809
dz_tanh,Hgg,250000,0.0007956865010783076,0.192343607544899,-1.0,-0.9996055608987808,-0.10286619998514653,0.0,0.0,0.0,0.10492659546434863,0.9997407805919647,1.0
dzerr_clip,Hgg,250000,0.038374219089746475,0.0812092125415802,0.0,0.0,0.0,0.0,0.0,0.04839999973773956,0.13989999890327454,0.3711000084877014,1.0
d_eta,Hgg,250000,-0.0003671938902698457,0.19783835113048553,-2.8877110481262207,-0.528720885515213,-0.30042436122894284,-0.10194661468267441,-0.0001261681318283081,0.10083402693271637,0.2989253759384154,0.5218091660737991,2.913236618041992
d_phi,Hgg,250000,-0.0006273728213272989,0.19456197321414948,-0.9007262587547302,-0.5446293324232101,-0.31914596259593964,-0.10671063512563705,-7.468461990356445e-05,0.10580850206315517,0.3160497888922689,0.5389759683609017,0.9883126616477966
part_pt_log,H4q,250000,0.10520251840353012,0.8026941418647766,-2.6687350273132324,-1.2789340829849243,-1.087626004219055,-0.5072520673274994,0.03139616176486015,0.6416097581386566,1.5531716763973233,2.0962371730804454,3.0415968894958496
part_e_log,H4q,250000,0.12815935909748077,0.8131839632987976,-2.0347070693969727,-1.3682885539531708,-1.0882324695587158,-0.4848056361079216,0.04900788143277168,0.6665417402982712,1.5961968839168534,2.1791531562805186,3.3760292530059814
part_logptrel,H4q,250000,0.08296507596969604,0.8003853559494019,-2.650878429412842,-1.363783346414566,-1.1064929127693175,-0.5200391709804535,0.011703538708388805,0.6190093904733658,1.5224579632282256,2.0622740292549135,2.957151174545288
part_logerel,H4q,250000,0.08036353439092636,0.7946681976318359,-2.159435272216797,-1.351922253370285,-1.1027718782424927,-0.52208012342453,0.008573627565056086,0.6103567183017731,1.5158212125301358,2.0497858548164367,3.091163396835327
part_deltaR,H4q,250000,0.10193285346031189,0.6617750525474548,-0.7989740371704102,-0.72276939868927,-0.6246551483869552,-0.3631022796034813,-0.0682992935180664,0.3793366849422455,1.4695172429084775,2.199466683864595,5.0
charge,H4q,250000,3.9999998989515007e-05,0.6934781670570374,-1.0,-1.0,-1.0,0.0,0.0,0.0,1.0,1.0,1.0
isChargedHadron,H4q,250000,0.4746119976043701,0.4993550181388855,0.0,0.0,0.0,0.0,0.0,1.0,1.0,1.0,1.0
isNeutralHadron,H4q,250000,0.1094600036740303,0.31221550703048706,0.0,0.0,0.0,0.0,0.0,0.0,1.0,1.0,1.0
isPhoton,H4q,250000,0.4093799889087677,0.49171948432922363,0.0,0.0,0.0,0.0,0.0,1.0,1.0,1.0,1.0
isElectron,H4q,250000,0.004984000232070684,0.07042130082845688,0.0,0.0,0.0,0.0,0.0,0.0,0.0,0.0,1.0
isMuon,H4q,250000,0.0020200000144541264,0.04489899054169655,0.0,0.0,0.0,0.0,0.0,0.0,0.0,0.0,1.0
d0_tanh,H4q,250000,-0.00041367410449311137,0.18117082118988037,-1.0,-0.9999995827674866,-0.050346958264708516,0.0,0.0,0.0,0.04933133386075496,0.9999996423721313,1.0
d0err_clip,H4q,250000,0.014658266678452492,0.02564290352165699,0.0,0.0,0.0,0.0,0.0,0.02329999953508377,0.052400000393390656,0.10090000182390213,0.6970000267028809
dz_tanh,H4q,250000,7.162438851082698e-05,0.19166506826877594,-1.0,-0.9995388543605804,-0.10431480780243874,0.0,0.0,0.0,0.10490356162190413,0.9995389539003374,1.0
dzerr_clip,H4q,250000,0.03654705733060837,0.07880543172359467,0.0,0.0,0.0,0.0,0.0,0.04500000178813934,0.13169999420642853,0.3711000084877014,1.0
d_eta,H4q,250000,0.00038447047700174153,0.20325720310211182,-2.9435863494873047,-0.5400302237272262,-0.3085514917969704,-0.10272911190986633,0.0005650818347930908,0.1027449518442154,0.3085505187511444,0.540578036904335,3.0157504081726074
d_phi,H4q,250000,0.00032310615642927587,0.1980654001235962,-0.8086877465248108,-0.5464816945791244,-0.3266370877623558,-0.10613068751990795,-1.1693686246871948e-05,0.1065514013171196,0.3263983011245726,0.5530013477802277,0.7959473729133606
part_pt_log,Hqql,250000,0.22002723813056946,0.9278689622879028,-2.845878839492798,-1.2850785267353058,-1.0914668500423432,-0.47841826826334,0.10275018215179443,0.7899991422891617,1.9607106447219846,2.8003647541999843,3.5114688873291016
part_e_log,Hqql,250000,0.23758375644683838,0.9311153292655945,-2.279393196105957,-1.376197327375412,-1.0847246944904327,-0.4616597145795822,0.11446715518832207,0.8059842437505722,1.9949335813522338,2.804232795238496,3.866401433944702
part_logptrel,Hqql,250000,0.2141907662153244,0.9267550110816956,-2.4911084175109863,-1.3623363304138183,-1.0989827930927276,-0.4793989807367325,0.10132190957665443,0.7838372141122818,1.9476193487644193,2.7921582937240634,3.268991231918335
part_logerel,Hqql,250000,0.21512232720851898,0.916892409324646,-2.0153725147247314,-1.3316861128807067,-1.0789443254470825,-0.4741108939051628,0.09635550901293755,0.7776101231575012,1.9404139041900634,2.780664064884187,3.2651708126068115
part_deltaR,Hqql,250000,0.05699740722775459,0.7056217789649963,-0.7988992929458618,-0.7332437998056411,-0.6499469608068466,-0.422803096473217,-0.1490134596824646,0.3001754581928253,1.5845307111740103,2.2829336857795726,5.0
charge,Hqql,250000,-0.0018599999602884054,0.7022653222084045,-1.0,-1.0,-1.0,0.0,0.0,0.0,1.0,1.0,1.0
isChargedHadron,Hqql,250000,0.45220398902893066,0.49771034717559814,0.0,0.0,0.0,0.0,0.0,1.0,1.0,1.0,1.0
isNeutralHadron,Hqql,250000,0.10818400233983994,0.31061267852783203,0.0,0.0,0.0,0.0,0.0,0.0,1.0,1.0,1.0
isPhoton,Hqql,250000,0.3978840112686157,0.4894612431526184,0.0,0.0,0.0,0.0,0.0,1.0,1.0,1.0,1.0
isElectron,Hqql,250000,0.021643999963998795,0.14551818370819092,0.0,0.0,0.0,0.0,0.0,0.0,0.0,1.0,1.0
isMuon,Hqql,250000,0.01932400092482567,0.13766111433506012,0.0,0.0,0.0,0.0,0.0,0.0,0.0,1.0,1.0
d0_tanh,Hqql,250000,0.0003419611311983317,0.17150013148784637,-1.0,-0.9998151552677155,-0.04383412543684244,0.0,0.0,0.0,0.043921051733195736,0.9999505412578583,1.0
d0err_clip,Hqql,250000,0.014116765931248665,0.02628190629184246,0.0,0.0,0.0,0.0,0.0,0.0210999995470047,0.04879999905824661,0.10090000182390213,0.6970000267028809
dz_tanh,Hqql,250000,4.945056571159512e-05,0.18260902166366577,-1.0,-0.9969170081615448,-0.0935074359178543,0.0,0.0,0.0,0.09324478879570954,0.9948785787820817,1.0
dzerr_clip,Hqql,250000,0.03555532544851303,0.07961878180503845,0.0,0.0,0.0,0.0,0.0,0.041600000113248825,0.11169999837875366,0.3711000084877014,1.0
d_eta,Hqql,250000,0.00040000476292334497,0.20649376511573792,-2.816798686981201,-0.5738190096616745,-0.3032316297292709,-0.0908694863319397,-9.08970832824707e-06,0.09088993072509766,0.30559444725513435,0.5810238319635394,3.089906930923462
d_phi,Hqql,250000,-7.530928269261494e-05,0.1924978792667389,-0.8949522376060486,-0.5651803529262542,-0.3155799716711044,-0.0942301545292139,8.344650268554688e-06,0.09449522756040096,0.31467542052268976,0.5671123051643376,0.8535853624343872
part_pt_log,Zqq,250000,0.222551167011261,0.8909628987312317,-2.846881628036499,-1.2908193516731261,-1.086137670278549,-0.46152663230895996,0.130731001496315,0.8199183344841003,1.8424574434757228,2.430776205062866,3.384722948074341
part_e_log,Zqq,250000,0.2691226601600647,0.9005095958709717,-1.9645434617996216,-1.3589190816879273,-1.0551480054855347,-0.4194243848323822,0.17146111279726028,0.8667648136615753,1.9088940799236296,2.52155251979828,3.6765127182006836
part_logptrel,Zqq,250000,0.21208271384239197,0.8891697525978088,-2.78053879737854,-1.3645133590698242,-1.0916417062282562,-0.4652896821498871,0.12210977077484131,0.810127317905426,1.8301582574844357,2.3956345629692084,3.2065589427948
part_logerel,Zqq,250000,0.21522946655750275,0.8799993991851807,-2.243588924407959,-1.3336914527416228,-1.073729193210602,-0.4589948207139969,0.12190565839409828,0.8076134622097015,1.8177928268909453,2.386779901981355,3.1957814693450928
part_deltaR,Zqq,250000,-0.013857555575668812,0.688640832901001,-0.799579918384552,-0.7425659638643265,-0.6708601593971253,-0.48062649369239807,-0.23019355535507202,0.21399274468421936,1.478548038005828,2.24321145772934,5.0
charge,Zqq,250000,0.000311999989207834,0.6986443400382996,-1.0,-1.0,-1.0,0.0,0.0,0.0,1.0,1.0,1.0
isChargedHadron,Zqq,250000,0.47928398847579956,0.49957069754600525,0.0,0.0,0.0,0.0,0.0,1.0,1.0,1.0,1.0
isNeutralHadron,Zqq,250000,0.10853199660778046,0.3110511302947998,0.0,0.0,0.0,0.0,0.0,0.0,1.0,1.0,1.0
isPhoton,Zqq,250000,0.4050160050392151,0.49089518189430237,0.0,0.0,0.0,0.0,0.0,1.0,1.0,1.0,1.0
isElectron,Zqq,250000,0.006279999855905771,0.07899722456932068,0.0,0.0,0.0,0.0,0.0,0.0,0.0,0.0,1.0
isMuon,Zqq,250000,0.002976000076159835,0.05447149649262428,0.0,0.0,0.0,0.0,0.0,0.0,0.0,0.0,1.0
d0_tanh,Zqq,250000,-8.438157237833366e-05,0.1890963762998581,-1.0,-0.9999693673849106,-0.06446732990443706,0.0,0.0,0.0,0.06414273530244813,0.9999784237146377,1.0
d0err_clip,Zqq,250000,0.014263559132814407,0.026432961225509644,0.0,0.0,0.0,0.0,0.0,0.0210999995470047,0.04879999905824661,0.10090000182390213,0.6970000267028809
dz_tanh,Zqq,250000,1.889825398393441e-05,0.20656198263168335,-1.0,-0.9982547336816787,-0.13960187435150145,0.0,0.0,0.0,0.13983335420489304,0.9983154118061066,1.0
dzerr_clip,Zqq,250000,0.03723035752773285,0.08249451965093613,0.0,0.0,0.0,0.0,0.0,0.04430000111460686,0.13169999420642853,0.3711000084877014,1.0
d_eta,Zqq,250000,-1.29770087369252e-05,0.19164225459098816,-2.9109513759613037,-0.5518656706809998,-0.2837178662419319,-0.07944431900978088,0.00021407008171081543,0.07951223850250244,0.281939172744751,0.5528580570220956,3.131765127182007
d_phi,Zqq,250000,-4.862588866672013e-06,0.18267342448234558,-0.8248921632766724,-0.5539603340625763,-0.2988980948925018,-0.08280468545854092,0.0003167390823364258,0.08302728645503521,0.29647645205259315,0.550404954552651,0.8112123012542725
part_pt_log,Wqq,250000,0.2534147799015045,0.902556836605072,-2.679311513900757,-1.3065245175361633,-1.0849732756614685,-0.4390217661857605,0.16893723607063293,0.8672962933778763,1.8853503227233883,2.4415630412101756,3.365980863571167
part_e_log,Wqq,250000,0.33520007133483887,0.9142179489135742,-1.9598772525787354,-1.339084223508835,-1.0013267695903778,-0.36732468754053116,0.23965025693178177,0.9478574693202972,1.995015430450439,2.599876146316529,3.768033742904663
part_logptrel,Wqq,250000,0.2421250194311142,0.9009994268417358,-2.7944371700286865,-1.3839499354362488,-1.0945088148117066,-0.44717685878276825,0.15994441509246826,0.8538390547037125,1.8646841228008266,2.4200960254669193,3.156937599182129
part_logerel,Wqq,250000,0.24432776868343353,0.8912078142166138,-2.2764196395874023,-1.3329218351840972,-1.0733754932880402,-0.43967410176992416,0.15829751640558243,0.8469115495681763,1.8594246566295625,2.4148269724845886,3.165156602859497
part_deltaR,Wqq,250000,-0.06952938437461853,0.6636218428611755,-0.7996479272842407,-0.7438649499416351,-0.67608343064785,-0.4967685267329216,-0.2771115005016327,0.10274501144886017,1.4096560716629019,2.2446215343475355,5.0
charge,Wqq,250000,0.01425199955701828,0.6994404196739197,-1.0,-1.0,-1.0,0.0,0.0,1.0,1.0,1.0,1.0
isChargedHadron,Wqq,250000,0.48353999853134155,0.4997290074825287,0.0,0.0,0.0,0.0,0.0,1.0,1.0,1.0,1.0
isNeutralHadron,Wqq,250000,0.10877999663352966,0.31136301159858704,0.0,0.0,0.0,0.0,0.0,0.0,1.0,1.0,1.0
isPhoton,Wqq,250000,0.4016039967536926,0.49022266268730164,0.0,0.0,0.0,0.0,0.0,1.0,1.0,1.0,1.0
isElectron,Wqq,250000,0.005084000062197447,0.07112070173025131,0.0,0.0,0.0,0.0,0.0,0.0,0.0,0.0,1.0
isMuon,Wqq,250000,0.0015279999934136868,0.03905976191163063,0.0,0.0,0.0,0.0,0.0,0.0,0.0,0.0,1.0
d0_tanh,Wqq,250000,-0.0001624461292522028,0.1705440729856491,-1.0,-0.9998900473117829,-0.04508765991777181,0.0,0.0,0.0,0.044975319877266814,0.9997523105144501,1.0
d0err_clip,Wqq,250000,0.014563687145709991,0.027983659878373146,0.0,0.0,0.0,0.0,0.0,0.0210999995470047,0.052400000393390656,0.11190000176429749,0.6970000267028809
dz_tanh,Wqq,250000,1.4132969226920977e-05,0.18541252613067627,-1.0,-0.9960173100233078,-0.10758859962224958,0.0,0.0,0.0,0.10860827751457669,0.9956628328561787,1.0
dzerr_clip,Wqq,250000,0.040542058646678925,0.09043364971876144,0.0,0.0,0.0,0.0,0.0,0.04500000178813934,0.14509999752044678,0.436599999666214,1.0
d_eta,Wqq,250000,0.00012944328773301095,0.1834474354982376,-2.921976089477539,-0.5451533776521682,-0.2562294021248817,-0.074246346950531,-2.9653310775756836e-05,0.0734720230102539,0.2590245962142941,0.5501863765716564,3.008334159851074
d_phi,Wqq,250000,-8.153417002176866e-05,0.17145423591136932,-0.8665027618408203,-0.5342624545097351,-0.2700434267520905,-0.07637895457446575,-0.00010919570922851562,0.07669582776725292,0.2693216383457183,0.5369995182752619,0.9649608731269836
part_pt_log,Tbqq,250000,0.05999582260847092,0.8010421991348267,-2.5501255989074707,-1.2899800002574922,-1.112109613418579,-0.5503567904233932,-0.02430692221969366,0.5914431363344193,1.5187123417854305,2.0737826991081243,3.323491334915161
part_e_log,Tbqq,250000,0.07837134599685669,0.8117756247520447,-2.018371105194092,-1.3920180439949035,-1.1258113265037537,-0.5347455739974976,-0.008399182464927435,0.6129173189401627,1.5501756966114033,2.1456365108490005,3.4903459548950195
part_logptrel,Tbqq,250000,0.046527963131666183,0.8034950494766235,-2.6478922367095947,-1.376013833284378,-1.1270108580589295,-0.562063917517662,-0.036237478256225586,0.5845426917076111,1.5027085423469542,2.0505114269256595,3.0462965965270996
part_logerel,Tbqq,250000,0.03741632029414177,0.7960643172264099,-2.0555026531219482,-1.375875722169876,-1.132904690504074,-0.5655840486288071,-0.04605746269226074,0.5686726868152618,1.4830498754978172,2.0232778739929245,3.000978946685791
part_deltaR,Tbqq,250000,0.41991090774536133,0.7494964599609375,-0.7966712713241577,-0.6862044751644134,-0.5390455573797226,-0.1523907631635666,0.2768268585205078,0.8643047511577606,1.8467352747917176,2.3033794736862183,5.0
charge,Tbqq,250000,-9.999999747378752e-05,0.689837634563446,-1.0,-1.0,-1.0,0.0,0.0,0.0,1.0,1.0,1.0
isChargedHadron,Tbqq,250000,0.46507999300956726,0.4987790584564209,0.0,0.0,0.0,0.0,0.0,1.0,1.0,1.0,1.0
isNeutralHadron,Tbqq,250000,0.11005199700593948,0.3129545748233795,0.0,0.0,0.0,0.0,0.0,0.0,1.0,1.0,1.0
isPhoton,Tbqq,250000,0.41415199637413025,0.4925749599933624,0.0,0.0,0.0,0.0,0.0,1.0,1.0,1.0,1.0
isElectron,Tbqq,250000,0.007588000036776066,0.08677800744771957,0.0,0.0,0.0,0.0,0.0,0.0,0.0,0.0,1.0
isMuon,Tbqq,250000,0.004736000206321478,0.06865543872117996,0.0,0.0,0.0,0.0,0.0,0.0,0.0,0.0,1.0
d0_tanh,Tbqq,250000,-0.00014599660062231123,0.20341721177101135,-1.0,-0.9999969011545181,-0.10090357437729834,0.0,0.0,0.0,0.10006104484200458,0.9999817126989364,1.0
d0err_clip,Tbqq,250000,0.014910571277141571,0.02588299848139286,0.0,0.0,0.0,0.0,0.0,0.02370000071823597,0.052400000393390656,0.10090000182390213,0.6970000267028809
dz_tanh,Tbqq,250000,-0.0005315711605362594,0.2251746505498886,-1.0,-0.9997481900453568,-0.19422415420413014,0.0,0.0,0.0,0.19223720133304575,0.9994552731513977,1.0
dzerr_clip,Tbqq,250000,0.03686726465821266,0.08085808902978897,0.0,0.0,0.0,0.0,0.0,0.04500000178813934,0.13169999420642853,0.3711000084877014,1.0
d_eta,Tbqq,250000,1.158077247964684e-05,0.2589418888092041,-3.1280343532562256,-0.6274749773740769,-0.4183496996760368,-0.14983318373560905,0.00028818845748901367,0.15009331330657005,0.4168060272932051,0.6247385388612748,2.9564757347106934
d_phi,Tbqq,250000,-0.0007149722659960389,0.25310730934143066,-0.9342396855354309,-0.6243247723579407,-0.43048073947429655,-0.15626531839370728,-0.0007730723009444773,0.15494975820183754,0.429177005589008,0.6227285474538804,0.9214943051338196
part_pt_log,Tbl,250000,0.1807466745376587,0.9494319558143616,-2.5759880542755127,-1.3036029350757599,-1.1261120438575745,-0.5436794608831406,0.04290180653333664,0.7715524733066559,1.9846314787864678,2.8226383614540103,3.540687084197998
part_e_log,Tbl,250000,0.18977144360542297,0.9471206068992615,-2.0942885875701904,-1.391963164806366,-1.1313803553581239,-0.5248227715492249,0.04608057625591755,0.7687924951314926,1.998769998550415,2.824053564071656,3.9012691974639893
part_logptrel,Tbl,250000,0.184586763381958,0.9496881365776062,-2.75179386138916,-1.378486577272415,-1.1200219452381133,-0.5354980528354645,0.048535989597439766,0.7752018570899963,1.9834931910037983,2.8254931378364567,3.260344982147217
part_logerel,Tbl,250000,0.18885651230812073,0.9383964538574219,-2.0933680534362793,-1.3452912008762359,-1.1049289405345917,-0.5226490646600723,0.05084695667028427,0.7687708586454391,1.9689864397048937,2.8128192353248607,3.2773773670196533
part_deltaR,Tbl,250000,0.2259085327386856,0.7988861203193665,-0.7984038591384888,-0.7221239572763443,-0.6248680651187897,-0.36317722499370575,-0.015554368495941162,0.6087601184844971,1.8658671140670768,2.3502439117431644,5.0
charge,Tbl,250000,0.00107999995816499,0.7035729289054871,-1.0,-1.0,-1.0,0.0,0.0,0.0,1.0,1.0,1.0
isChargedHadron,Tbl,250000,0.4430280029773712,0.4967436194419861,0.0,0.0,0.0,0.0,0.0,1.0,1.0,1.0,1.0
isNeutralHadron,Tbl,250000,0.10083600133657455,0.3011114299297333,0.0,0.0,0.0,0.0,0.0,0.0,1.0,1.0,1.0
isPhoton,Tbl,250000,0.4067800045013428,0.49123311042785645,0.0,0.0,0.0,0.0,0.0,1.0,1.0,1.0,1.0
isElectron,Tbl,250000,0.02703999914228916,0.16220000386238098,0.0,0.0,0.0,0.0,0.0,0.0,0.0,1.0,1.0
isMuon,Tbl,250000,0.024992000311613083,0.15610061585903168,0.0,0.0,0.0,0.0,0.0,0.0,0.0,1.0,1.0
d0_tanh,Tbl,250000,0.0003702912072185427,0.22241057455539703,-1.0,-0.9999297285079956,-0.2057834357023239,0.0,0.0,0.0,0.20746753066778167,0.9999715125560761,1.0
d0err_clip,Tbl,250000,0.014890890568494797,0.02782185561954975,0.0,0.0,0.0,0.0,0.0,0.021400000900030136,0.0544000007212162,0.12300000339746475,0.6970000267028809
dz_tanh,Tbl,250000,0.000377586082322523,0.2468183934688568,-1.0,-0.9990062755346298,-0.31438350826501843,0.0,0.0,0.0,0.31625052392482755,0.9992100811004638,1.0
dzerr_clip,Tbl,250000,0.03725956752896309,0.0851106345653534,0.0,0.0,0.0,0.0,0.0,0.04430000111460686,0.11990000307559967,0.436599999666214,1.0
d_eta,Tbl,250000,-0.00031100737396627665,0.24553631246089935,-3.0327484607696533,-0.6461336368322372,-0.39042969346046447,-0.11029207706451416,-0.0001386106014251709,0.10928980261087418,0.3879262447357177,0.6475389212369924,3.032358169555664
d_phi,Tbl,250000,-0.0008274015854112804,0.22348202764987946,-0.9818548560142517,-0.615692703127861,-0.38869486302137374,-0.11245949566364288,-0.0011324286460876465,0.1114510577172041,0.384324702620506,0.6124470907449723,1.0635197162628174
